{"training_data": [{"uuid": "bf4fa329-20cd-451e-b3f4-563e1a388037", "label": "not_cyberbullying", "tweet_length": 12, "word_fuck": 0, "word_bulli": 0, "word_muslim": 0, "word_gay": 0, "word_nigger": 0, "word_rape": 0, "event_score": 0, "event_sending_off": 0, "event_caution": 2, "event_substitution": 1, "event_foul": 0, "audio_0": -7.410257339477539, "audio_1": -6.01567268371582, "audio_2": -5.588825225830078, "audio_3": -6.557750701904297, "audio_4": -7.415370941162109, "audio_5": -7.724592208862305, "audio_6": -6.771352767944336, "audio_7": -6.216209411621094, "audio_8": -6.301074981689453, "audio_9": -5.9215850830078125, "audio_10": -5.967161178588867, "audio_11": -5.82923698425293, "audio_12": -5.906648635864258, "audio_13": -6.25963020324707, "audio_14": -6.416913986206055, "audio_15": -7.008893966674805, "audio_16": -7.24810791015625, "audio_17": -8.084600448608398, "audio_18": -7.491477966308594, "audio_19": -7.349193572998047}, {"uuid": "9c82063d-daeb-4f9f-a861-bb089055e353", "label": "cyberbullying", "tweet_length": 17, "word_fuck": 1, "word_bulli": 0, "word_muslim": 0, "word_gay": 0, "word_nigger": 1, "word_rape": 0, "event_score": 1, "event_sending_off": 0, "event_caution": 3, "event_substitution": 0, "event_foul": 1, "audio_0": -4.6632184982299805, "audio_1": -3.385918617248535, "audio_2": -2.5235109329223633, "audio_3": -2.786656379699707, "audio_4": -1.8099431991577148, "audio_5": -1.871027946472168, "audio_6": -1.7673826217651367, "audio_7": -1.825587272644043, "audio_8": -1.9572877883911133, "audio_9": -1.7133569717407227, "audio_10": -1.9541196823120117, "audio_11": -1.5610246658325195, "audio_12": -2.100369453430176, "audio_13": -1.3162260055541992, "audio_14": -0.9346952438354492, "audio_15": -1.4564619064331055, "audio_16": -1.8928308486938477, "audio_17": -2.200127601623535, "audio_18": -2.1498022079467773, "audio_19": -1.6860151290893555}, {"uuid": "f2b24804-f8cd-42e8-b038-375b0e867fb6", "label": "cyberbullying", "tweet_length": 4, "word_fuck": 0, "word_bulli": 0, "word_muslim": 0, "word_gay": 0, "word_nigger": 0, "word_rape": 0, "event_score": 0, "event_sending_off": 0, "event_caution": 4, "event_substitution": 1, "event_foul": 1, "audio_0": -9.449069023132324, "audio_1": -6.786128044128418, "audio_2": -5.78806209564209, "audio_3": -5.722296714782715, "audio_4": -5.944588661193848, "audio_5": -6.124207496643066, "audio_6": -6.315657615661621, "audio_7": -6.437121391296387, "audio_8": -6.491606712341309, "audio_9": -6.647820472717285, "audio_10": -6.6520795822143555, "audio_11": -7.0334978103637695, "audio_12": -7.327895164489746, "audio_13": -8.402190208435059, "audio_14": -8.1786470413208, "audio_15": -7.295062065124512, "audio_16": -6.846596717834473, "audio_17": -5.733857154846191, "audio_18": -5.718369483947754, "audio_19": -5.840546607971191}, {"uuid": "6078c5be-24fa-4750-bcc3-46f00e219508", "label": "not_cyberbullying", "tweet_length": 16, "word_fuck": 0, "word_bulli": 0, "word_muslim": 0, "word_gay": 0, "word_nigger": 0, "word_rape": 0, "event_score": 0, "event_sending_off": 0, "event_caution": 1, "event_substitution": 0, "event_foul": 2, "audio_0": -20.0, "audio_1": -20.0, "audio_2": -20.0, "audio_3": -20.0, "audio_4": -20.0, "audio_5": -20.0, "audio_6": -20.0, "audio_7": -20.0, "audio_8": -20.0, "audio_9": -20.0, "audio_10": -20.0, "audio_11": -19.73905372619629, "audio_12": -19.77099609375, "audio_13": -19.424396514892578, "audio_14": -19.259761810302734, "audio_15": -20.0, "audio_16": -20.0, "audio_17": -20.0, "audio_18": -20.0, "audio_19": -20.0}, {"uuid": "c0c15f04-bc8a-41ee-88c4-527816812392", "label": "cyberbullying", "tweet_length": 29, "word_fuck": 0, "word_bulli": 0, "word_muslim": 0, "word_gay": 0, "word_nigger": 0, "word_rape": 0, "event_score": 2, "event_sending_off": 2, "event_caution": 0, "event_substitution": 0, "event_foul": 1, "audio_0": -2.796316146850586, "audio_1": -1.3899879455566406, "audio_2": 0.0, "audio_3": -0.48085784912109375, "audio_4": -1.2142276763916016, "audio_5": -1.4335002899169922, "audio_6": -2.149563789367676, "audio_7": -2.1870193481445312, "audio_8": -2.636843681335449, "audio_9": -2.955531120300293, "audio_10": -3.034259796142578, "audio_11": -3.734018325805664, "audio_12": -2.6860475540161133, "audio_13": -2.216245651245117, "audio_14": -2.789945602416992, "audio_15": -2.412043571472168, "audio_16": -2.4455528259277344, "audio_17": -3.1073532104492188, "audio_18": -2.743596076965332, "audio_19": -2.1054325103759766}, {"uuid": "2613e389-0480-4010-8f7c-3a9658790ba6", "label": "cyberbullying", "tweet_length": 46, "word_fuck": 0, "word_bulli": 0, "word_muslim": 0, "word_gay": 0, "word_nigger": 0, "word_rape": 0, "event_score": 1, "event_sending_off": 1, "event_caution": 1, "event_substitution": 0, "event_foul": 3, "audio_0": -9.577255249023438, "audio_1": -6.670557022094727, "audio_2": -4.68089485168457, "audio_3": -3.6739425659179688, "audio_4": -3.1779842376708984, "audio_5": -3.227924346923828, "audio_6": -3.9720020294189453, "audio_7": -4.63604736328125, "audio_8": -4.509559631347656, "audio_9": -4.421133041381836, "audio_10": -3.6970691680908203, "audio_11": -4.161365509033203, "audio_12": -4.357904434204102, "audio_13": -4.741542816162109, "audio_14": -5.482845306396484, "audio_15": -4.600099563598633, "audio_16": -4.278499603271484, "audio_17": -4.0450439453125, "audio_18": -3.7602405548095703, "audio_19": -3.8350067138671875}, {"uuid": "31f7483e-3d5f-4d3d-9337-f78b3262e1d2", "label": "cyberbullying", "tweet_length": 25, "word_fuck": 0, "word_bulli": 0, "word_muslim": 0, "word_gay": 0, "word_nigger": 0, "word_rape": 0, "event_score": 0, "event_sending_off": 0, "event_caution": 2, "event_substitution": 3, "event_foul": 0, "audio_0": -7.2286834716796875, "audio_1": -4.579935073852539, "audio_2": -3.5530166625976562, "audio_3": -3.826030731201172, "audio_4": -3.730609893798828, "audio_5": -4.0022125244140625, "audio_6": -3.466400146484375, "audio_7": -3.3251094818115234, "audio_8": -2.9065418243408203, "audio_9": -3.419179916381836, "audio_10": -3.575397491455078, "audio_11": -3.2702293395996094, "audio_12": -3.779827117919922, "audio_13": -3.1024627685546875, "audio_14": -3.4438438415527344, "audio_15": -3.6885719299316406, "audio_16": -3.39666748046875, "audio_17": -4.115734100341797, "audio_18": -4.415554046630859, "audio_19": -4.340686798095703}], "validation_data": [{"uuid": "f3d9bbc3-bc48-4154-b50b-cc88edfb52f3", "label": "cyberbullying", "tweet_length": 28, "word_fuck": 1, "word_bulli": 0, "word_muslim": 0, "word_gay": 0, "word_nigger": 3, "word_rape": 0, "event_score": 1, "event_sending_off": 0, "event_caution": 0, "event_substitution": 1, "event_foul": 1, "audio_0": -9.574884414672852, "audio_1": -7.292135238647461, "audio_2": -5.809547424316406, "audio_3": -5.588174819946289, "audio_4": -5.55952262878418, "audio_5": -5.530912399291992, "audio_6": -5.62928581237793, "audio_7": -5.703485488891602, "audio_8": -5.97313117980957, "audio_9": -6.254499435424805, "audio_10": -6.134021759033203, "audio_11": -6.537275314331055, "audio_12": -6.086362838745117, "audio_13": -5.888309478759766, "audio_14": -6.220161437988281, "audio_15": -6.248752593994141, "audio_16": -6.372005462646484, "audio_17": -5.928781509399414, "audio_18": -5.696308135986328, "audio_19": -4.849225997924805}, {"uuid": "deed2c1d-2b85-47ab-850e-7acae9cce2f9", "label": "cyberbullying", "tweet_length": 28, "word_fuck": 0, "word_bulli": 0, "word_muslim": 0, "word_gay": 0, "word_nigger": 0, "word_rape": 0, "event_score": 1, "event_sending_off": 0, "event_caution": 1, "event_substitution": 0, "event_foul": 1, "audio_0": -3.0264511108398438, "audio_1": -2.2774791717529297, "audio_2": -0.6727046966552734, "audio_3": -1.3906536102294922, "audio_4": -0.8464584350585938, "audio_5": -0.6503562927246094, "audio_6": -0.9103927612304688, "audio_7": -1.3066844940185547, "audio_8": -1.5358047485351562, "audio_9": -0.4476318359375, "audio_10": -0.6469697952270508, "audio_11": -0.039104461669921875,